{"accuracy": 0.9950738916256158, "auc": 1.0, "precision": 0.9930555555555556, "recall": 1.0, "f1": 0.9965156794425087}